Emp ID,Name Prefix,First Name,Middle Initial,Last Name,Gender,E Mail,Date of Birth,Date of Joining,Salary
198429,Mrs.,Serafina,I,Bumgarner,F,serafina.bumgarner@exxonmobil.com,9/21/1982,2/1/2008,69294
198429,Mrs.,Serafina,I,Bumgarner,F,serafina.bumgarner@exxonmobil.com,9/21/1982,2/1/2008,69294
784160,Dr.,Corey,AAA,Jackman,M,corey.jackman@gmail.com,4/12/1959,6/29/1984,57616
198429,Mrs.,Serafina,I,Bumgarner,F,serafina.bumgarner@exxonmobil.com,9/21/1982,2/1/2008,69294
629539,Dr.,Del,I,Fernandez,M,del.fernandez@hotmail.com,8/13/1991,4/7/2016,138662
629539,Dr.,Del,I,Fernandez,M,del.fernandez@hotmail.com,8/13/1991,4/7/2016,138662
674284,Mrs.,Kina,B,Mcvay,F,kina.mcvay@hotmail.com,6/20/1978,8/4/2012,107926a
133611,Dr.,Felix,W,Imhoff,M,felix.imhoff@charter.net,1/91962,6/3/1985,64560
89339f5,Ms.,Tatiana,I,Badillo,F,tatiana.badillo@walmart.com,3/10/1977,4/23/2012,94534
716662,Mr.,Ted,M,Baggett,M,ted.baggett@yahoo.ca,12/6/1983,2/2/2013,
663907,Mr.,Alec,Q,,M,alec.odaniel@sbcglobal.net,12/17/1966,9/20/1991,88011
